,logisticRegression,NaiveBayes,RandomForestClassifier
Recall,0.8338870431893688,0.6644518272425249,0.8039867109634552
Precision,0.8655172413793103,0.8888888888888888,0.9166666666666666
F1,0.8494077834179357,0.7604562737642585,0.8566371681415929
Accuracy,0.8774104683195593,0.8264462809917356,0.8884297520661157
